name,lat,lng,covid
"Surrounding Area of H.No. 420, B-4, Pocket-06, Punjabi Colony, Narela,
Delhi",28.840387,77.108813,1826910047
"Surrounding Area of H.No. 420, B-4, Pocket-06, Punjabi Colony, Narela,
Delhi",28.840387,77.108813,1826910047
"Gali containing H.No. 1225, 1236,1229, 1228 on one side and H.No. 2071, 2072, 1222, 1220 on other side arising out of Syndicate Bank wali gali,
Alipur, Delhi",28.8233364,77.17242600000002,6195126578
"H.No. B-258, H.No. B-822, H.No. C-98, H.No. H1-54 and H.No. H-16, JJ
Colony Tigri Delhi",28.8089317,77.05316289999999,3008601533
"H.No. 502, HNo. 495, H.No. 532 Bajitpur Thakran, Narela Delhi",28.8022686,76.99310740000001,3014096535
"H.No. E109 – E116, H.No. E88 – E91, Yadav Nagar, Samaipur Badli, Delhi-42",28.7499865,77.1406069,4231311366
"House No. B-36, GALI NO. 20, KAMAL VIHAR, BURARI, DELHI-84 (BURARI-II)",28.7498831,77.2019155,5953082844
"H.No.831 to H.No-847 & H.No-789 to H.No.799, Gali No-6,B-block, Baba
Colony, Burari, Delhi-110084",28.7498537,77.2044351,6197358503
"GALI NO.-11, NEAR SANT GYAN PUBLIC SCHOOL, C- BLOCK, MUKANDPUR,
DELHI-110042. (BHALASWA DAIRY-I)",28.7471172,77.1628959,4231892607
"Data Ram Apartment, Sector 18, Rohini, Delhi",28.7400275,77.1346526,922110367
"House bearing CN No. 378 to CN No. 384, Village Ladpur Delhi",28.7376773,76.99587319999999,921811710
"H.No.716 to 785, H. No. 786 to 860, H. No. 861 to 950 K-Block, Jhangir Puri,
Delhi",28.7336806,77.1688719,923123152
"H.No.716 to 785, H. No. 786 to 860, H. No. 861 to 950 K-Block, Jhangir Puri,
Delhi",28.7336806,77.1688719,923123152
"House No. C-19, GALI NO- 2, HARDEV NAGAR, JHARODA, BURARI, DELHI
(Wazirabad-I)",28.7311614,77.20488449999999,6640322266
"House No. C-271, Gali No-9, Mukund Vihar, including left & right house and",28.73058249999999,77.2670954,4231807721
"H.No. 12 to 122,Gali No-A1 , H.No-5 to 56, Bhagat Singh Colony, Karawal
Nagar, Delhi",28.7289807,77.2624776,4231902461
"H.No.-99 to H.No-101 & H.No-91 to H.No-93, Gali No.9, c Block, Wazirabad
Village, Delhi",28.7279068,77.2245551,4233489466
"House Nos. 145 to 151 C1 Block, Gali no-5 . 3rd Pusta Sonia Vihar Delhi CZ
order",28.7227603,77.2458862,4225160810
"H.NO-C-11; H.NO-C40; H.NO.C.71; G ALI NO 3, SATYA VIHAR, BURARI, DELHI
(BURARI-I)",28.7225934,77.2256286,4224974797
"H.No.120, Gali No.-3, Wazirabad Village, Delhi",28.7225934,77.2256286,4224974797
"House No. A-53, Ranaji Enclave, Gali No. 12, New Delhi",28.7225661,77.22682189999999,4224974380
"House No. F-3 by 25, Dayalpur Extension, Delhi including left & right house
and house in front of them",28.7207834,77.2672862,4221006424
"House No. E-1/701, Gali No. 20, 4 1/2 Pusta, Sonia Vihar, Delhi including left
& right house and houses in front of them",28.7203121,77.2480625,4225159672
"CC Block, Shalimar Bagh Opposite Police Colony to Shalimar Village, Gate No. 1,infront of NDPL Bus Stand",28.7192629,77.1567571,920979306
"CC Block, Shalimar Bagh Opposite Police Colony to Shalimar Village, Gate No. 1,infront of NDPL Bus Stand",28.7192629,77.1567571,920979306
"VPO Rithala, Delhi (From House No. 112 to 247)",28.7191961,77.1006616,921811688
"F-Block, Phase-I, Budh Vihar, Delhi (From House No. 15 to 32)",28.7178026,77.08720420000002,921810573
"H.No.-B-224 to 290 -K and B-284 to B-302, B-Block, Gali No-18, Maha Laxmi
Enclave, Delhi",28.7173292,77.2746373,4231719024
"H.No. A-117, A-118 & A-132 to A-134, A-Block, Prashant Vihar, Delhi",28.71461639999999,77.1364056,922124474
"House No. B-2 by 25, Joharipur, Delhi including left & right house and house
in front of them CZ order",28.7144321,77.2838057,1684365663
"House No. E-86, Gali No. -13, Ambedkar Vihar, Johripur, Delhi including left
& right house and houses in front of them",28.7144321,77.2838057,1684365663
"C-Block, Budh Vihar, Delhi (From House No. 15 to 52)",28.7141447,77.0871004,921810573
"M-Block, Budh Vihar, Delhi (From House No. 15 to 42)",28.7141447,77.0871004,921810573
"D-Block, Budh Vihar, Delhi (From House No. 25 to 45)",28.7141447,77.0871004,921810573
"R-Block, Budh Vihar, Delhi (From House No. 12 to 140)",28.7141447,77.0871004,921810573
"H.No. C-31, Gali No. 1, Tunda Nagar, Johripur, Delhi including left & right
house and houses in front of them",28.714045,77.2874289,4220837655
"Block - H, Phase-I, Vijay Vihar (From House No. 1 to 14)",28.7136697,77.0981743,921810573
House No. A- 456 to A-459. NEHRU VIHAR. DELHI.(Timarpur-I),28.7102709,77.22025839999999,4221435663
House No. B.381 to B-395. NEHRU VIHAR. DELHI.(Timarpur-II),28.7102709,77.22025839999999,4221435663
"H.No. G-21/96 to G-21/115, Sector-7, Rohini, Delhi",28.7080569,77.11795409999999,1825289340
"Bhagya Vihar, Madanpur Dabas, Delhi (From House No. 40 to 50)",28.7077707,77.02981919999999,1825289340
"Block - K, Phase-II, Vijay Vihar (From House No. 7 to 20)",28.7076624,77.095297,1825289340
"Hno E-373 to E-409, Gali No 16, Khajuri Khas, Delhi",28.7059641,77.2620281,4221207790
"House No. F-105, F-106,, F-107 Gali no-7, C-9 by 106, Bhagirathi Vihar, Delhi
CZ order",28.705882,77.2785876,2229119309
"Gali starting from H.No. A-85 to A-180, Dhani Ram Colony, Badli Village,
Delhi",28.705649,77.2570558,4231411053
"House No. C-77, Gali No. -2, Brijpuri, Delhi including left & right house and
houses in front of them.",28.70510689999999,77.272548,4231630180
"Flat No.1 to 58,AD-Block, Shalimar Bagh",28.705008,77.166939,918380650
"H.No. A-53/7. Gali No-3 North Ghonda, Delhi Including left & Right house
and house in front of them.",28.7027941,77.2608954,4230169946
"H.No. C-74, C-75 & C-78, Gali No-2, C- Block, Bhajanpura, Delhi and Houses
in front of them. From the backside of H.No-C-74 & C-75, Gali No. -1.",28.7023854,77.2641762,4231902305
"H.No. C-74, C-75 & C-78, Gali No-2, C- Block, Bhajanpura, Delhi and Houses
in front of them. From the backside of H.No-C-74 & C-75, Gali No. -1.",28.7023854,77.2641762,4231902305
"H.No. 30, Gali No. 3, A-Block, Bhajanpura, Delhi including left & right house
and houses in front of them.",28.7021694,77.2623242,4229589081
"H.No. D-359 & two houses of H.No. D-360, Gali No.8, Bhajanpura, and
house in front of them.",28.701913,77.260919,4218962628
"House No. 53 to 61, Gali No.2 and House No.60B to 71, Gali No.3,
Baldev Park, Delhi",28.70174579999999,77.2978219,2228979743
"H.No. B-148 to B-140, B-131 to B-139, Derawal Nagar, Delhi",28.70129499999999,77.192122,2575648599
"House No. A-280, A-392 to A-396, Gali No-2, Meet Nagar, Delhi",28.7012416,77.2977299,2228979684
"
H.No.-C-9/270(all Floor), Yamuna Vihar, Delhi Including left & Right house",28.7009403,77.2721047,2229119144
"
House No. C-9 by 106, Yamuna Vihar, Delhi including left & right house",28.700836,77.27302,2229119142
"C-2, Block, Sultan Puri, Delhi",28.699948,77.0795802,1825143343
"Hno 151, 152 & 153, B4 Block , Yamuna Vihar Delhi",28.6997615,77.26604739999999,4221226121
"A-1/92, Sector-8, Rohini, near petrol pump Delhi",28.6994967,77.11865399999999,1825143343
"A-Block, Sultanpuri, Delhi (From House No. 80 to 115)",28.6992317,77.0703152,1825143343
"C-9, C-Block, Sultanpuri From H.No. 24 to H.No. 132 (Sunder Dairy Prajapati
Sweets to Tailor Shop)",28.6982025,77.07591939999999,1825143343
"C-9, C-Block, Sultanpuri From H.No. 24 to H.No. 132 (Sunder Dairy Prajapati
Sweets to Tailor Shop)",28.6982025,77.07591939999999,1825143343
K-Block Mangolpuri (From House No. 370 to 472),28.6969909,77.08323639999999,1825143343
"House No. C-12/548, Yamuna Vihar, Delhi including left & right and houses
in front of them",28.6968153,77.2799211,4221206401
"Gali no- 1 & 7, Block-D, Ashok Nagar Shahdara (Covering Hno D-619, D-703, D-705 & D-805)",28.6966068,77.2980596,4229891982
"House No. G-5/95, Gali No. 6, 5th Pusta, Sonia Vihar, Delhi including left &
right house and houses in front of them",28.6962631,77.2572106,3076601629
X-Block Mangolpuri (From House No. 168 to 366),28.6958531,77.0805496,1825589668
"House Nos. A/406, A406/5, A406/6 and the houses in the opposite line in
Gali no. -5, Gamri Extension Delhi",28.6957194,77.26099169999999,4230169869
"House Nos. A/406, A406/5, A406/6 and the houses in the opposite line in
Gali no. -5, Gamri Extension Delhi",28.6957194,77.26099169999999,4230169869
"Gali No.14, Block D-1, Ashok Nagar Shahdara (Covering H.No. 345, 347, 348
& 354)",28.6956784,77.2994144,2229118878
"F- Block, Mangolpuri from F-112 to F-430 to F-473",28.6952324,77.09637599999999,1825589668
"House No. 280 to 285 & 292 to 295, F-2 Block, Sunder Nagri, Delhi",28.694653,77.317233,4221545870
"House No. 221 to 224, F-2 Block, Sunder Nagri, Delhi",28.694653,77.317233,4221545870
"H.No.B-3/86 to B-3/95 & B-30/111 to B-3/125, the street,B-3 Block, Nand Nagri, Delhi",28.6946488,77.3120278,4221516188
H.No. 482 to 803 C-block Mangolpuri Delhi,28.693429,77.0888228,1825589668
E-Block Mangolpuri (From House No. 268 to 420),28.6922954,77.09163939999999,1825589668
A-Block Mangolpuri (From House No. 342 to 500),28.6922954,77.09163939999999,1825589668
"H.Nos. - E-7/335, E-7/336, E-7/337 & in front of these H.Nos. E-7/369, E-
7/370, 33- Foota Road, Nehru Vihar, Delhi.",28.6915712,77.2823914,4230071654
"H.Nos. - E-7/335, E-7/336, E-7/337 & in front of these H.Nos. E-7/369, E-
7/370, 33- Foota Road, Nehru Vihar, Delhi.",28.6915712,77.2823914,4230071654
"C-3 area, Ashok Vihar, Phase-II, Delhi (From flat/houses C-/12 to C-3/16)",28.6909791,77.17652389999999,916341236
"House No. 409 to 414, Janta Flats, GTB Enclave, Delhi",28.6901302,77.31269859999999,4223315489
"House No. 233 ABCD to 236 ABCD, GTB Enclave, Delhi",28.6896464,77.3119837,2228978833
"H.No. 127 to H.No. 132, Chander Lok Enclave, Shakur Pur, Delhi",28.6894074,77.13629240000002,1826045030
"T-Block, Mangolpuri, Delhi (From House No.815 to 920)",28.6894069,77.0805496,1826144557
"H.No. A-16 to A-22, Gali No. 2, Jagatpuri, Delhi",28.68898889999999,77.29971809999999,6455710495
"House No. A-1 to A-8 & A-25 to A-32, GTB Campus, Delhi",28.6887562,77.3063774,2228978807
"Police Colony, Ashok Vihar Delhi",28.6884233,77.1708039,916341360
"House No. 111 to 113, 125 to 127 & 140 Tahirpur Village, Delhi",28.6881799,77.3168434,3735583612
"B-Block Dilshad Colony in particular around entire Street existing Flats No. B-103, B-104 & B-106 (Affected area B-102 to B-108 in B-Block & E-108 to E-
117, E-Block)",28.6874247,77.324247,6588684132
"B-2/11, B-Block, Rana Pratap Bagh, Delhi
[Re-designed as mentioned above on 14.07.2020 :B-2/11 to B-2/18 and B-
3/17, B-Block, Rana Pratap Bagh]",28.6874216,77.1919915,3735775076
"B-2/11, B-Block, Rana Pratap Bagh, Delhi
[Re-designed as mentioned above on 14.07.2020 :B-2/11 to B-2/18 and B-
3/17, B-Block, Rana Pratap Bagh]",28.6874216,77.1919915,3735775076
"E-Pocket, GTB Enclave, Delhi",28.6870591,77.31054449999999,7628522976
"H.No. 127, 128, 142 & 165, C-3 Block, Street No. -3A, 3rd Pusta, Sonia Vihar,
Delhi",28.6870132,77.260398,4228016119
"H.No. 127, 128, 142 & 165, C-3 Block, Street No. -3A, 3rd Pusta, Sonia Vihar,
Delhi",28.6870132,77.260398,4228016119
"H.No. B-36(all floor), Gali No. 5, Bhajanpura, Delhi including left & right
house",28.68651729999999,77.26113790000001,4228065937
"Gali No. 15, Extn. 2D, Nangloi, Delhi-110041",28.6843532,77.0599294,1826144402
"H.No. 18, Ext. 2A Nangloi, Delhi",28.6843532,77.0599294,1826144402
"G-Block, Gulshan Park, Nangloi Delhi-110041",28.6837878,77.05241509999999,1826144402
"House No. 437 to 439 & 451 to 455, Tahirpur Village, Delhi",28.68340109999999,77.3132506,6749052439
"House No. 335 to 349, Tahirpur Village, Delhi",28.68340109999999,77.3132506,6749052439
"Jain Mandir Jhuggle (Entire area to be made), Near Mrignayni Chowk,
Dilshad Colony, Delhi",28.6828082,77.3121354,4087232487
"H.No. 48, Street No.7, Extn.-2B, Nangloi, Delhi",28.6821316,77.0587735,1826144402
"20A, Chajjuram Colony, Nangloi",28.6820444,77.0675607,1826144402
"H.No. 679 to 681 Bunkar Colony, Ashok Vihar, Delhi",28.6815313,77.1754541,916416341
"H.No. 233 to 236 Bunkar Colony, Ashok Vihar, Delhi",28.6815313,77.1754541,916416341
"UB Block, Jawahar Nagar, Delhi-110007",28.6813724,77.2056647,6725683202
"Flat No. 306, Rajendra Park, Nangloi, Delhi",28.6811724,77.0546474,1826144402
"House No. 67, Rajendra park, Nangloi, Delhi",28.6811724,77.0546474,1826144402
"Ram Nagar, Shahdara (Covering H.No 1/2425)",28.6808089,77.2948143,6431349601
"D-Block, Punjabi Basti, Peera Garhi, New Delhi",28.6795709,77.0960607,4233549899
"Entire Street existing House No. 126 to 175, H-Block, Old Seemapuri, Delhi",28.6792797,77.3286734,4221582630
"AB-10, Pkt-B, Mianwali Nagar, Delhi",28.6781787,77.08666459999999,4233549899
"H.No. 2287, 2288 & 2305, Gali No. 173, Ganesh Pura, Tri Nagar, Delhi",28.6775654,77.16217689999999,5767831091
"Plot No. 72, FFD, Block No.15, Extn.-2D, Nangloi, Delhi",28.676992,77.0574093,4233549899
"3488/1, Kala Bhawan, Malka Ganj(SM4)",28.6767388,77.20865289999999,4231908342
"H.No. 939 to H.No. 944, Punjabi Mohalla, Ghanta Ghar, Subzi Mandi, Delhi",28.67657569999999,77.2044762,4231882441
"H.No.640, Saini mohalla, Nangloi",28.6765108,77.06939799999999,4233549899
"Rehman Building, Near Sauchalaya, West Rohtash Nagar, (Covering Hno-79)",28.6762716,77.28841899999999,6488257229
Naveen Shahdara (K-40 to K-50 & K-30 to K-21),28.6761928,77.2828969,6476066693
"E-1/251, Shiv Ram Park, Nangloi, Delhi",28.6748695,77.06127169999999,4233549899
"2249/9, 3rd Floor, Shora Kothi (SM2)",28.67482009999999,77.20463029999999,4231882406
"2210, Shora Kothi & 2204, Shora Kothi (SM3)",28.67482009999999,77.20463029999999,4231882406
"M-342,311 Guru Harkishan Nagar, new Delh",28.6732,77.09280000000001,4233549899
"Shastri Nagar, Delhi-110052(A, B and E2 Blocks)",28.672573,77.17885299999999,3574223568
"H.No. 304 to H.No. 331, Tarun Enlcave, Pitampura Delhi
[Re-designed as mentioned above on 14.07.2020 : H.No. 130 to H.No. 340
Tarun Enlcave, Pitampura Delhi]",28.672317,77.092287,4233549899
"H.No. 304 to H.No. 331, Tarun Enlcave, Pitampura Delhi
[Re-designed as mentioned above on 14.07.2020 : H.No. 130 to H.No. 340
Tarun Enlcave, Pitampura Delhi]",28.672317,77.092287,4233549899
"Gali No-1, Pratap Nagar, Gulabi Bagh as Pratap Nagar containment Zone 2",28.6718738,77.194756,6013037494
"248, Bhera Enclave, Paschim Vihar, New Delhi",28.671569,77.0903513,4233724543
"H.no-852 to 865, Gali no-2, Jwala Nagar(Whole Gali), Delhi-110032",28.671195,77.29693329999999,5406967862
"Shakti Nagar, Delhi-110007(Bharat Nagar Road, Veer Banda Bairagi Marg,
Swami Vivekanand Marg)",28.6700398,77.1835174,915436769
"House No. 447, E-Block, Phase-II, Qutbapur, New Delhi",28.669687,77.3088784,5470026273
"5/4, Jaidev Park, East Punjabi Bagh",28.66938679999999,77.14959759999999,4235054437
"8649, Roshanara Road, Sabji Mandi, Delhi (SM5)",28.6688539,77.2048191,4984130236
"H.No 202 to H. No. 215, Vivekanand Puri",28.6685293,77.1844715,6013439931
"C-53 Adhyapak Nagar, Nangloi New delhi",28.6674321,77.0762778,4233724543
"879, Pocket-2, Paschim Puri, New Delhi",28.667285,77.116002,4233724543
"H.No. 13/441, Sunder Vihar, Paschim Vihar, New Delhi",28.6672698,77.0915378,4233724543
"D-5-173,174 &179B Kunwar Singh Nagar, New Delhi",28.6671086,77.04697399999999,4233724543
"E-37 Kunwar Singh Nagar, Nangloi, Delhi",28.6668298,77.04900409999999,4233724543
"D-91&197, Kunwar Singh Nagar, new Delhi",28.6668298,77.04900409999999,4233724543
"F-3031, Kunwar Singh Nagar Delhi",28.6668298,77.04900409999999,4233724543
"H.no-4/1836-1841, opposite side 4/1881-495, Gali no-4, Rama Block,
Bholanath Nagar, Delhi – 32",28.6665844,77.291156,4218898785
"House No. 164, 169, Bakkarwala, Delhi-110041",28.6665007,77.01637149999999,4233724543
"RZ-E-154, Nihal Vihar, New Delhi",28.6659388,77.07311419999999,2431986492
In and around area of E-58 & 64 Karampura,28.6655211,77.1529569,6636996149
In and around area of E-44 Karampura,28.6655211,77.1529569,6636996149
"In and around area of E-148 Karampura, Delhi",28.6649304,77.1455088,4235452418
"H.no-IX/772 to IX/769, Prem Gali, Gali no-2 E, Gandhi Nagar Delhi-110031",28.6648771,77.2584583,4229614627
"RZ-37, Baba Haridas Nagar, Jharoda Kalan, New Delhi-110072",28.6647661,76.9484624,2431986492
"G-42,41,30,34 Gali No-10, Shiv ram park, Nangloi, Delhi",28.6640467,77.0574129,2431986492
"Hno 49/1 to 41/2 and Hno B-6 to 41/1 B (Abhishek Overseas, Gali no. 1 & 2,
East Azad Nagar, Delhi",28.663155,77.2814605,4229557870
23/20 & 23/26 Moti Nagar,28.6630183,77.1383867,4235091226
"Gali no-9 & 10, Durgapuri Shahdara (Covering Hno-1449 & 1449-29/A)",28.6628634,77.2915731,4229438969
In and around of B-534 III Floor Sudarshan Park,28.6628131,77.1353251,6646102817
"H-26, H-24, H-48, H-43, JJ Colony Bakkarwala, Delhi-110041",28.6626181,77.014704,5717158380
"In and around area of 19 21C 3rd Floor, Moti Nagar, Delhi",28.6623452,77.14108089999999,6625576013
10 /18 Moti Nagar new Delhi,28.6618793,77.143778,6643297819
"7/15 & 7/19, New Moti Nagar, New Delhi",28.6617258,77.1420031,4235451641
"In and around area of F-182 Sudershan Park, Moti Nagar, Delhi",28.661515,77.13620600000002,6646102806
"Bara Hindu Rao 1( H.No. 6266 to H.No. 6170, Pakki Gali, Bara Main Market",28.6613574,77.2024306,943749412
"In and around area of 2117/1, Gali No. 7 Prem Nagar, Patel Nagar, Delhi",28.6609277,77.1606204,6384899238
"A-93, Meera Bagh, Pachim Vihar, New Delhi",28.6609094,77.0872754,5717158380
In and around area of A-135 Sudarshan Park,28.6605508,77.1333107,6618123004
"C-137, Kirti Nagar, New Delhi",28.660485,77.14103999999999,4235091203
"Bara Hindu Rao 2(H.No.3357 to 3522, Gali Sangtrashan in front of Allah Wali Masjid Pahari Dheeraj Road
H.No. 3464 Gali Thele wali",28.6603088,77.2068551,943749467
In and around area of B-19 New Moti Nagar,28.6602141,77.1420938,915232186
"Sadar Bazr2(H.No.-3862 to H.No.3865, Gali Barna, Sadar Bazar)",28.6585105,77.21273049999999,943749104
"Sadar Bazar3(H.No.2585 to H.No. 2589, Baghichi Ragunath Sadar Bazar)",28.6585105,77.21273049999999,943749104
"Sadar Bazar4(H.No.5255 to H.No. 5257, Sadar Thana road, Sadar Bazar)",28.6582181,77.2125748,943749104
"D-400, 409, 797,273 D-Block, Punjabi Basti, Peera Garhi, New Delhi",28.6581161,77.17978959999999,1645502390
"C-156,10,136, 142 Punjabi Basti, Peeragarhi Camp, New Delhi",28.6581161,77.17978959999999,1645502390
"H.No. B-7.20 to B-7/17 and B-6/19, Near Raghunath Mandir, Krishna Nagar,
Delhi",28.6579431,77.2778213,4229557817
"E-22, Chander Vihar, Nihal Vihar, Delhi",28.6574795,77.064527,2955345084
"4696/4, Gali No 11, Darya Ganj, Delhi",28.6573824,77.2120961,6720363066
"Bapa Nagar 1 (291,I Block, BAPA NAGAR)",28.65705549999999,77.1819981,943640673
"Sadar Bazar6(H.No.7283 to H.No.7284, Gali Gharayiya Quresh Nagar Sadar
Bazar)",28.6569038,77.21191739999999,1376300244
"House No. J-83 FF, Behind Moments Mall, Kriti Nagar, New Delhi",28.6568981,77.14656959999999,7104323986
"Bapa Nagar 8 (16/680,BAPA NAGAR)",28.6566954,77.1816145,943640673
In and around area of C-323 Khyala,28.6563648,77.0981743,2955345084
"H.no.-64 to H.No. 72 and H.no.-65/350/3, Village Ghondli, Krishna Nagar,
Delhi-51",28.6558409,77.280976,4229588409
"WZ-283 41 Vishnu Garden , New Delhi",28.6556,77.09953329999999,2955345084
In and around area of 21/13 Block 21 Opp Patel Nagar,28.6554182,77.16462,6640291018
"In and around area of 26/27 West Patel Nagar, Delhi",28.6554182,77.16462,6640291018
"Arjun Gali no-11,cAshok Nagar (covering E-256)",28.6549958,77.2936695,7218650625
"Bapa Nagar 4 (183,I BLOCK BAPA NAGAR)",28.6549947,77.1808679,309642524
"Bapa Nagar 7 (16/1373,E BAPA NAGAR)",28.6549947,77.1808679,309642524
"C-74, Kirti Nagar, New Delhi",28.6549351,77.1376196,6659848536
"DN1- HOUSE NUMBER 6467, GALI NUMBER 4, BLOCK 8, DEV NAGAR to HOUSE NUMBER 6517, GALI NUMBER 4, BLOCK 8, DEV NAGAR
[Re-demarcated- Dev Nagar, Karol Bagh (19.06.2020)]",28.6548701,77.1846149,6748887284
B-28 &29 Shivram Park Nangoli New Delhi,28.65478379999999,77.0521289,2955345084
In and around area of 28/63 West Patel Nagar,28.6547436,77.16490770000001,6659924739
Bapa Nagar 5 (16/1504-E BAPA NAGAR),28.6546681,77.18102449999999,309642524
"Sadar Bazar5(H.No.7772 to H.No.7774, Nawab Road Sadar Bazar)",28.6540228,77.2091557,1870091999
"D-44, Chander Vihar, Ranjit Vihar, Delhi",28.6532664,77.0718297,2955345084
"In and around area of 5/15 Upper Ground Floor, West Patel Nagar, Delhi",28.6531507,77.1622101,6769014803
"B-16/6, SF, Double Storey Ramesh Nagar, New Delhi",28.652746,77.13163,915274076
"A-18, Vishal Enclave, Opposite Rajouri Garden, New Delhi",28.6525728,77.1183137,5813444577
"H.No. 51 to 58, Street No. 4, Radhey Puri Extension-2, Krishna Nagar, Delhi-
110051",28.6525621,77.2896501,7679460914
"
House No. 2/10, Choodan Pana, Jharoda Kalan, Najafgarh, New Delhi",28.6525375,76.9504905,2955345084
"House No. 1C 49, Naamdhari Colony, Ramesh Nagar, Neww Delhi",28.6525149,77.1370127,2954561608
"H.no.221 to H.No.222, Gali Visheshwar Nath, Old Subzi Mandi, Delhi",28.6525107,77.2283592,965110925
Nabi Karim 2 (7072 House of Shakuntala Dabla to Community Toilet),28.65242289999999,77.2139292,1376300421
Nabi Karim 4 (Gali Behind Kalka Property Dealer to Till end of Gali. ),28.65242289999999,77.2139292,1376300421
Nabi Karim 6 (Sangam Tailor to 278 Ashok Basti),28.65242289999999,77.2139292,1376300421
Nabi Karim 7 (Shop Raunak Silai Machine to House A 519.),28.65242289999999,77.2139292,1376300421
In and around area of F-204 Vishnu Garden,28.6519345,77.0940718,2955345084
"H.No. 291 to H.No. 294 (front & back entry gate) (Total 28 Houses), Gali No.
16, Karkadooma Village, Delhi-110092",28.651658,77.30478300000001,7706913349
"E-158, Double Story, Ramesh Nagar, Delhi",28.65109,77.1326969,3239812665
"House No. 2/18, Ramesh Nagar, New Delhi",28.65109,77.1326969,3239812665
"In and around area of WZ-283/36, WZ-283/38 & WZ-283/39 Vishnu Garden,
Delhi",28.650532,77.10016999999999,6884267194
"H.No. 202, 205 to 213, Gali No.3, South Anarkali, Near-Som Bazar,
Delhi",28.6503376,77.2861288,7679473493
"Hno B-121 to H.No. B-139, Anand Vihar, Delhi -110092",28.650218,77.30270589999999,1863520442
"Hno C-69 to H.No. C-174, Anand Vihar, Delhi - 110092",28.650218,77.30270589999999,1863520442
In and around area of 29/113 West Patel Nagar,28.6497806,77.1654795,5265277786
"G-19 FF, Kirti Nagar New Delhi",28.6493776,77.1436998,6755731359
"WZ-203A Plot.403, Chand Nagar, new Delhi",28.6485532,77.09889369999999,6884267194
"RP1 - SHOP 2396/11, GALI NUMBER 11, AJMAL KHAN ROAD to SHOP 2435/11, GALI NUMBER 11, AJMAL KHAN ROAD
[Re-demarcated- Reigarpura, Karol Bagh (19.06.2020)]",28.647894,77.19654,4235017143
"A-57B, Guru Nanak Vihar, Chander Vihar, Delhi",28.6475806,77.0656001,6884267194
"G-9, Kirti Nagar, New Delhi",28.647249,77.144921,2681744680
"In and around area of Cottage No. 25, West Patel Nagar, Delhi",28.6462741,77.1676761,6385542272
"Sita Ram1 Beginning of Gali Katra Gokul, Shah end of gali Katra Gokul Shah",28.6460249,77.2299816,7469479237
In and around area of 25/11 East Patel Nagar,28.6453433,77.1695282,2397564940
"H.No. 198 to 207, Gagan Vihar, Delhi-110051",28.64514,77.29477399999999,4210654448
"B-4, Kirti Nagar, New Delhi",28.645086,77.14162,6645814607
"C-13, Kirti Nagar, New Delhi",28.6444277,77.1406022,6385213289
"37/6 to 37/26, East Patel Nagar, Delhi",28.64421,77.176343,268217546
C-12 Tilak Vihar to C-40 Tilak Vihar,28.6434499,77.0880876,6734744698
B-50 Tilak Vihar to B-84 Tilak Vihar,28.6432042,77.0890022,6734744698
"E-4 & E-16 Mukhram Garden, Tilak Nagar, New Delhi",28.6428676,77.09565669999999,6734744698
"F-4, Rajouri Garden, New Delhi",28.6428417,77.1217246,2432087749
"Chandni Mahal 2 (H. No.2221, Gali Dakotan, Turkman Gate to H. No.2229, Gali Dakotan, Turkman Gate)",28.6428246,77.2372822,938522437
"246/40 TO 246/48 AND 246/53 TO 246/80, GALI NO. 3, ALLAH COLONY, SCHOOL BLOCK, MANDAWALI, EAST DELHI",28.6426701,77.28398779999999,7655631165
"Old Rajinder Nagar(Shankar Marg, Chela Ram Road, Uttam Singh Narula
Marg,Salwan Marg.)",28.6419864,77.1793947,6438462316
C-57 Tilak Vihar to C-94 Tilak Vihar,28.641861,77.0893085,6734744698
"E-20, Preet Vihar, Delhi-110092",28.6416215,77.29590309999999,7655633875
"Chandni Mahal 1 (H. No.89, Chatta Lal Miyan to H. No.90, Chatta Lal Miyan)",28.6414595,77.23800059999999,291542978
"B-4 / 4 Rajouri Garden, New Delhi",28.6412089,77.1224385,6385280673
"
Area near Shiv Mandir, Valmiki Basti, Village Jhatikara, New Delhi",28.6406678,77.20299039999999,4235030397
"H.No.A-9/2 to H.No. A-14 & H.No. A1/24 to H.No. A-21, Gali No.4, Shashi
Garden, Delhi",28.6400544,77.2820837,7655631158
"H.No. 177 to H.No. 191, Gali No.4, Block-18, Kalyanpuri, Delhi",28.6400544,77.2820813,7655631158
"H.No. F-39 to F-54, F-55 to F-240, Gali No.-12, Mangal Bazar, Near-Patel
Park, Laxmi Nagar, Delhi.",28.639686,77.28171329999999,6482584906
In and around area of 17/65 Tilak Nagar,28.6390693,77.0867741,6734744698
In and around area of 8/8 Tilak Nagar,28.6389315,77.08668109999999,6734744698
"A-28, Deep encalve Part II, Vikaspuri, New Delhi (West District Health Wise & South West Revenue Wise)",28.6386438,77.07206,6734744698
"A-28, Deep encalve Part II, Vikaspuri, New Delhi (West District Health Wise & South West Revenue Wise)",28.6386438,77.07206,6734744698
"S-4 Pandav Nagar, S1 to S5A & B, S5 to S27, Delhi-110092",28.6371726,77.2756193,3870388644
"In and around area of S-2, 103 SF Old Mahavir Nagar, Delhi",28.6371353,77.0845064,6734744698
In and around area of S-3/13 S F Old mahavir Nagar,28.6371353,77.0845064,6734744698
"House No. 1201, Block-1, Subhash Nagar, New delhi",28.6369703,77.120154,6438487773
"C-121 to C-171, Gali No. 2, Guru Ramdas Nagar, Laxmi Nagar, Delhi",28.6363232,77.2804163,4210477458
H.No.70&72 Subhash Nagar new Delhi,28.635056,77.11091499999999,4101042002
"WZ-86, K-208, Near Badi Maszid, Tihar Village, New Delhi",28.635023,77.10719890000001,4101042002
In and around area of12/77 Tilak Nagar,28.6349962,77.08411079999999,6385280691
"20B . 53A, Tilak Nagar, Delhi",28.634574,77.102665,6726192814
"A-94, Manak Vihar, New Delhi",28.634457,77.10509499999999,6726192814
"L-50, Gali 22, New Mahavir Nagar",28.6342693,77.0845064,6726192814
"H.No. 16/11, Subhash Nagar, New Delhi",28.6339059,77.12098379999999,4101041369
"House No. 41 to House No. 56, Vidyut Nikunj Apartment, I.P. Extension,
Delhi",28.633875,77.310459,903989230
"A-64, Deepak Vihar, Hastsal, Uttam Nagar, New Delhi",28.6338165,77.0461984,6726192814
"Street of House No. B-508,B710 to B 715, H.No. 219 to B-231,B- Block,
Budhnagar, New Delhi",28.6329165,77.1449212,2637094871
"Street of House no. E-537 to 542, H.No. E-336 to Adjoinig park, H.No. E-308,
E- Block, Budhnagar, New Delhi",28.632483,77.14384199999999,6385220673
"
Street of H.No. C-119, C-121 and C-120, Inderpuri, New Delhi",28.6319998,77.14509939999999,2637094871
"Entire gali of H.No. 206, Gali No. 21, F-Block, Phase-VI, Aya Nagar, New Delhi",28.631297,77.220339,928597613
"Adarsh Public School to CR-290, Lalita Park, Laxmi Nagar, Delhi",28.6309324,77.27427829999999,6745439388
"H.No. 3/24B to 4/31, Gali No. 3 & 4 Saket Block, Mandawali, Delhi",28.6304937,77.2933211,5971114990
"H.NO. C-3 TO C-16, GALI-1,2,3, UNCHE PAR, MANDAWALI, EAST DELHI",28.6303493,77.28310689999999,7679299437
"BE-354, Street No.1, Hari Nagar, New Delhi",28.6297684,77.121917,6225764827
In and around area of C-113 Karampura Delhi,28.6296495,77.13438680000002,6437640905
"H.No 200, Gali No-1, Jatav Mohalla,Near Sai Mandir, Bharthal New Delhi",28.6296259,77.2833864,6735314135
"H.No. 50, H Block, Mohan Garden, Uttam Nagar, New Delhi",28.6294203,77.03892669999999,6726192809
"Gali No.4 Subhash Park H.No.10683 & Gali No1 & H.No. 10685-A to
H.No.10685-B opposite side of Gali no.1",28.629229,77.2833026,4211878405
"L-2 & A-46, Mohan Garden, Uttam Nagar, New Delhi",28.6290186,77.0339824,6726192809
"Gali No-6, Mandir Marg, Near Ramayan Chowk, Chajjupur. (Covering C-303)",28.62883,77.196911,1681489138
"C-90 and C-91, Hari Nagar, New Delhi",28.6283438,77.108699,6731739826
"RZ-4 No. 10A, Vipin Garden Ext. North Blk, Gali No. 5-C, New Delhi",28.6280374,77.025337,6726192809
"C-252, Naveen Place, Jharoda Kalan, New Delhi",28.627619,76.967288,6726192809
"H.No. C-76, Gali No-9, Gamri Extension, Delhi",28.6275743,77.2811389,4214875438
"S-203 to S-207, Near MCD Primary School, School Block, Shakarpur, Laxmi
Nagar, Delhi",28.6275609,77.2784081,4210701795
"D-98 New Janakpuri, Gali No. 14, Uttam Nagar, New Delhi",28.6269686,77.0272586,6731739826
"WZ-481,Gali No.8, Block-MS,Hari Nagar, New Delhi,",28.6266221,77.099256,6731739826
"H.No-D-51 to H. No-D100 Gali No-11, West Vinod Nagar, Delhi",28.6262764,77.30004749999999,6636558469
"A-3/86 & A-3/97, Janakpuri, New Delhi",28.6260209,77.0884738,6731739828
"H.No.49 & 79, Chander Nagar, Janakpuri, New Delhi",28.6258773,77.0764511,6731739828
"BL-120 SF, L-Block, Hari Nagar, New Delhi",28.625831,77.1017312,6731739828
"WZ-221, Gali No.2, Virender Nagar, New Delhi",28.6258023,77.0950424,6731739828
"H.NO. B-17 TO B-83, GALI NO.4, B BLOCK, PANDAV NAGAR, EAST DELHI",28.6257831,77.28179770000001,4214793985
"JB-29, LIG Flats Hari Nagar, New Delhi",28.6255277,77.1059417,6731739828
"WZ-149A, 1st Floor, Gali No.5, Virender Nagar, New Delhi",28.6255122,77.09647629999999,6731739828
"Street of House No. C-391, H.No. C-462, H.No.605 to 620, H.No. 354 to 381, C- Block, Budhnagar, New Delhi",28.6254953,77.1459998,2637094810
"Street of House No. C-391, H.No. C-462, H.No.605 to 620, H.No. 354 to 381, C- Block, Budhnagar, New Delhi",28.6254953,77.1459998,2637094810
"In and around area of B-86 Karampura, Delhi",28.6251698,77.12378269999999,7211608724
"H.NO. 515 TO 684, BUDDHA MARG, MANDAWALI, EAST DELHI",28.6249918,77.29159179999999,4211898204
"CB-104A, Hari Nagar, New Delhi",28.6248596,77.11086809999999,6731739828
"B-6 & C-29, Vileram Nagar, IP Estate, Delhi",28.6248419,77.2471296,838633214
"H.No. 2, Gali No. 3, Phase-4, Kotla Vihar, Delhi",28.6244053,77.0336561,6731739828
"H.No-244/29 to H.No244/89, Gali No-5, School Block, Mandawali Delhi",28.6243204,77.2848642,4214793971
"H.No. A-27 to H.No. A-44, Gali No. 9, A-Block, West Vinod Nagar, Delhi",28.6243048,77.30199859999999,6749788593
"H.No. S-28 to H.No. S-63B, School Block, Shakarpur, Delhi",28.6238693,77.2801139,6768915212
"B-69 to B-73, School Block, Shakarpur, Delhi",28.6238693,77.2801139,6768915212
"S-322 to S-379, School Block, Shakarpur, Delhi",28.6238693,77.2801139,6768915212
"H.No. 9/2, Rajiv Vihar, jharoda Kalan, New Delhi-110072",28.6234682,76.9736654,6731739828
"CB-Naraina, Delhi",28.6232436,77.1350762,6531322258
"H.NO. 104/3 TO 342/4, GALI NO. 3, SARPANCHA BADA, MANDAWALI, EAST DELHI",28.6228721,77.2943162,6636947600
"H.No. 154 to H.No. 146 & H.No. 396, Gali No. 6, East Vinod Nagar, Delhi
H.No.  257  to  H.No.  223,  Gali  No.  7,  East  Vinod  Nagar,  Delhi
H.No.  260  to  H.No.  280,  Gali  No.  8,  East  Vinod  Nagar,  Delhi
H.No. 150 to H.No. 227, Gali No. 9, East Vinod Nagar, Delhi",28.6225461,77.3043537,906539407
"L-2B, 92 & 93, Mohan Garden, Uttam Nagar, New Delhi",28.6224417,77.05594889999999,6731739828
"H.No.-WZ-164 to WZ-169, Dasghara, Inderpuri, New Delhi",28.6218091,77.16361479999999,6385290925
"A-3/33, Janakpuri, New Delhi",28.6217426,77.08826950000001,6731739828
"H.No. P-2A, M.S. Block, gali No. 02, Ranaji Enclave, New Delhi",28.6205858,77.11465210000001,6731739828
"H No. A-9, New Heera Park, Najafgarh",28.6204679,76.9826677,6731739828
"
Street of H.No. 911/3, Naraina Village, New Delhi",28.62022,77.13696870000001,915290729
"House No. B-55 to B-52, B-54 to B-Block Parlour, Janta Dairy, Ganesh Nagar,
Pandav Nagar, Delhi",28.6200339,77.2815948,4210564059
"House No. B-55 to B-52, B-54 to B-Block Parlour, Janta Dairy, Ganesh Nagar,
Pandav Nagar, Delhi",28.6200339,77.2815948,4210564059
"H-30 to H-25D, H-Block, Near- SanjayPark, Shakarpur, Laxmi Nagar, Delhi",28.6197475,77.29618289999999,905284751
"H.No. S-75, Ranaji Enclave, Near ICICI ATM, Adjacent to Bhola Property Dealer, New Delhi",28.6189804,77.0184367,6731739828
"House No. 41, B Block, Vipin Garden, Uttam Nagar, New Delhi",28.6169237,77.03535529999999,6738174280
"H.No. 66, Gali No. 19, Ranaji Enclave, New Delhi",28.6167721,77.014704,6738174280
"H.No. 55 A, Gali No. 7, Surakhpur Road, Gopal Nagar, Najafgarh, New Delhi-110043",28.6163182,76.9710236,6738174280
"H.No. 55 A, Gali No. 7, Surakhpur Road, Gopal Nagar, Najafgarh, New Delhi-110043",28.6163182,76.9710236,6738174280
"H.No. P-69 to P-73 and P-78B to P-82, Pandav Nagar, Delhi-110092",28.6147804,77.2776579,4034162420
"H.NO. 173 A TO 188 G, POCKET A3, LIG FLATS, MAYUR PH-3, EAST DELHI",28.6145698,77.3399802,6636515270
"Flat No.93A to 93H & 94 A to 94H, Part of Pocket-A3, Mayur Vihar Ph-3,
Delhi",28.6145698,77.3399802,6636515270
"H. No. 125 to 130 & H. No. 110, Sukhdev Vihar, New Delhi",28.6139391,77.2090212,3744313925
"H.No. 58, B Block, Vijay Nagar, New Delhi",28.6139391,77.2090212,3744313925
"H.No. CN-3864 & 3847, Jatav Mohalla, Near Ambedkar Murti, Najafgarh,
New Delhi-110043",28.6138726,76.9838517,6738174280
"H.No. CN-3864 & 3847, Jatav Mohalla, Near Ambedkar Murti, Najafgarh,
New Delhi-110043",28.6138726,76.9838517,6738174280
"H No. 63, Madrasi Colony, Nr. Indra Service station, Rly factory Road, Gopal Nagar Extension, Najafgarh, New Delhi",28.6137206,76.9602553,6738174280
"H No. 63, Madrasi Colony, Nr. Indra Service station, Rly factory Road, Gopal Nagar Extension, Najafgarh, New Delhi",28.6137206,76.9602553,6738174280
"H.No.   58,  Z-Block,  Surakhpur	Road, Near Shiv Mandir Gopal Nagar, Najafgarh",28.6130191,76.97523629999999,6738174280
"Flat No. 358 to 370, Pocket-5, Mayur Vihar Phase-1, Delhi",28.6118605,77.29618289999999,3754517724
"C-19, C-Block, Maksudabad, Najafgarh, New Delhi-110043",28.6112166,77.0017465,6738174280
"RZ-5, Patel Block, Raghu Nagar, New Delhi",28.61069,77.092072,6738174280
"H.No. WZ-1610 to 1617, Nangal Raya, New Delhi",28.6106142,77.1124928,6738174252
"H.No. 51& 60, Chanakya Place, Janakpuri, New Delhi",28.6104443,77.0785681,6738174280
"H.No. 220 to 260, Block 3, Trilokpuri, Delhi",28.610343,77.312811,905284739
"Entire	Gali	No.	8,	Shashi	Garden,	Mayur	Vihar,	Delhi-110091 Entire Gali No. 9, Shashi Garden, Mayur Vihar, Delhi-110091",28.6101389,77.2946752,4218944605
"A 267, Gopal Nagar, Najafgarh",28.6100942,76.9686735,6738174280
"H.No. C-8 to H.No. C-17 and H.No. B-102 to H.No. B-109, Gali No. 3, Shashi
Garden, Delhi",28.6099862,77.2958812,6758732938
"
Street of H.No. WZ-1080B & 1079, Nangal Raya, New Delhi",28.6087477,77.1096829,6738174280
"RZ-72, Old Khaira Road, Shyam Vihar, Phase-II, Gopal Nagar, Najafgarh,
New Delhi-110043",28.6085717,76.976794,6738174280
"RZ-72, Old Khaira Road, Shyam Vihar, Phase-II, Gopal Nagar, Najafgarh,
New Delhi-110043",28.6085717,76.976794,6738174280
"RZ-11, Gali no. 2, Raghu Nagar, Dabri, New Delhi",28.6082976,77.0928735,6738174280
"Flat No.21 A to 38-H, Pocket A1, Mayur Vihar Phase-3, Delhi",28.6082368,77.33599749999999,3754496800
"Haboora Mohalla, C/o. Satya Prakash, CN-154/42 Near Axis Bank ATM,
Dallupura Village, Delhi-96",28.6077713,77.3173656,4219035069
"
Street of H.No. 77/C and 88A, 89C, D2/A Block, Janakpuri, New Delhi",28.6077079,77.1082651,6738174280
Bapa Nagar 9 (16/1285 E BAPA NAGAR),28.6074435,77.23835989999999,6734562869
Bapa Nagar 10 (16/906 E BAPA NAGAR),28.6074435,77.23835989999999,6734562869
"H.No. 4/13 to H.No.C-4/6 Acharya Niketan, Mayur Vihar, New Delhi",28.6065619,77.29395079999999,4218836073
Bapa Nagar 6 (16/1377E BAPA NAGAR),28.606416,77.236842,6726448619
"Block-B Gali No. 7 Phase-III, Prem Nagar, Najafgarh, New Delhi",28.60593,76.9805076,6738174280
Bapa Nagar 11 ( 16/736 E BAPA NAGAR),28.605921,77.23648,6726448619
Bapa Nagar 3 (H-208 BAPA NAGAR),28.605814,77.23572,6979349041
Bapa Nagar 2 (H-271&H 272 BAPA NAGAR),28.605756,77.23561699999999,6979349041
"44, Gali No. 02, Pratap Nagar, Mayur Vihar Phase -I Delhi-91",28.6056799,77.2942301,4240811932
"RA J 14, Old Roshanpura, Najfgarh, New Delhi",28.6053446,76.985399,6738174280
"
RZ-70, Sudan Garden, Najafgarh, New Delhi-110043",28.6051835,76.9857277,6738174280
"B-482, Gali no, 32, Mahvir Encalve, Part-2, New Delhi",28.6048758,77.0692875,6738174280
"1/55B, Behind Durga Mata Mandir, Madhu Vihar, Opp. Dwarka Sec 5, Delhi",28.604184,77.0601389,6738174280
"RZ-52 & RZ-57, RZ Block, Dharampura, Najafgarh, New Delhi-110043",28.6039124,77.0003067,6738174280
"
RZ-31 by 1, H-Block, Dharampura, Najafgarh, New Delhi-110043",28.6039124,77.0003067,6738174280
"C-225 & C-226, Roshan Vihar Part-II, C-Block Opp. BDO Office, Najafgarh,
New Delhi-110043",28.6031609,76.9851877,6738174280
"House No. 36, Gali No. 8A, Block- B1, Trishul Colony, Chhawla, New Delhi",28.6018808,77.0901578,7247581720
"RZ-51, G-Block, Dharmpura, Najafgarh, New Delhi-110043",28.6012052,77.0072405,3862392197
"B46 8th Floor, Sec 4, Plot no. 21, Rathnakar Appartment Dwarka, New Delhi",28.6002756,77.0451669,3862392197
"Flat No. B-B & A-1, Kailash Apartment, Sec-4, Dwarka, New Delhi",28.5994255,77.05207349999999,3862392197
"E 334 Gali No. 75 Mahavir Enclave, Delhi",28.599092,77.0823599,3862392197
"Flat No. 102, MEA Housing Complex, Sector-2, Dwarka, New Delhi",28.5969145,77.06735809999999,3862392098
"H.No. 10, H.No. 16, H.No. 18 and H.No. 25, Kumharo wali Gali Khaira village,
Najafgarh, New Delhi-110043",28.5968675,76.97146409999999,3862392098
"H.No. 10, H.No. 16, H.No. 18 and H.No. 25, Kumharo wali Gali Khaira village,
Najafgarh, New Delhi-110043",28.5968675,76.97146409999999,3862392098
"H.NO. 131 TO 186, E-BLOCK, GALI NO. 5, EAST VINOD NAGAR, EAST DELHI",28.5961583,77.085028,3862392098
"Hno 44, 45 & 46, D1 Blk, Old Mustafabad,Delhi",28.5961583,77.085028,3862392098
"House No. 233, Gali No. 5, Govind Vihar, Karawal Nagar, Delhi including left & right house and houses in front of them",28.5961583,77.085028,3862392098
"House No. B-47 A, Shyam Vihar, Phase-I, New Delhi",28.5955938,77.0031863,3862392098
"Residential Area of Village Paprawat, New Delhi",28.5954728,76.9800412,3862392098
"Flat No. 97, Inderprastha Apartment, Sector-12, Dwarka, New Delhi",28.5954273,77.04650529999999,3862392098
"B-396/29, Mahavir Enclave Part-2, New Delhi",28.5947875,77.083787,3862392098
"Gali containing H.No. 245/39 to H.No. 245/30, Gali No. 5, School Block,
Mandawali, Delhi-92",28.5946188,77.08724029999999,3862392098
"Gali containing H.No. 245/39 to H.No. 245/30, Gali No. 5, School Block,
Mandawali, Delhi-92",28.5946188,77.08724029999999,3862392098
"A-50, Gali No. 2, Mahavir Enclave, Delhi",28.5945388,77.08576459999999,3862392098
"454, Rama Apartment, Sector-11, Plot No.2, Dwarka, New Delhi",28.5941883,77.0514324,3862392098
"A 65, Mangla Puri, Phase 2, New Delhi",28.5931143,77.0872145,3862392098
"House No. A-62, Krishna Market, Shyam Vihar, New Delhi",28.5924339,77.0084955,3862392098
"RZF 579, Gali No. 41, Sadh Nagar, New Delhi",28.5908659,77.0915981,412331341
"H.No. B-845 to H.No. 259, B-Block, New Ashok Nagar, Delhi",28.5891169,77.3020569,851691463
"CN- 131, 133, 134, 135 & 137 of D-Block, Harizan Basti, Masoodpur, New
Delhi",28.5888692,77.0744343,412331341
"CN- 131, 133, 134, 135 & 137 of D-Block, Harizan Basti, Masoodpur, New
Delhi",28.5888692,77.0744343,412331341
"
H.NO. RZ 229, SHIVPURI PART-2, NEAR DEENPUR, NEW DELHI",28.5886174,76.997748,412331341
"East End Apartment, Tower/Block No.5, opposite New Ashok Nagar Metro Station, Mayur Vihar Phase 1 Ext., Delhi.",28.5878241,77.3020915,851689862
"Tower No. 17, East End Apartments, opposite New Ashok Nagar Metro
Station, Mayur Vihar, Ph.-I Ext., Delhi-110096",28.5878241,77.3020915,851689862
"H.no-1/3, Gali no-5, Hno-1/3, Gali no-6, H.no-1/3 H/1A, Gali no-8, East Azad
Nagar, Delhi – 51",28.5870666,77.08498759999999,3862390165
"
NZG – 490, Gali No. 8, Raj Nagar-II, Palam Colony, New Delhi.",28.5862763,77.0849669,3862390165
"PLOT NO. 89, GOYLA KHURD, QUTUB VIHAR (NEAR SECTOR 19 DWARKA)
NEW DELHI",28.5860795,77.0486422,3862390165
"Khasra no. 801, gali no. 3, Mama Bhanja Chowk, Kapashera",28.5860529,77.0906559,3862390165
"Flat No.1162, Akshardham Apartment, Sec-19, Pocket-3, Dwarka, New Delhi",28.586032,77.0491629,3862390165
"
RZG-100, Gali No. 2, Raj Nagar-II, Palam Colony, New Delhi.",28.5853805,77.0909492,3862390165
"
RZ 33/15C, Shyam Apartment, Raj Nagar-II, Palam Colony, New Delhi.",28.5847077,77.0758733,3862390165
"Flat No. 1002, Block G1A, Samridhi Apartment, Sector-18, Dwarka, New Delhi",28.5845725,77.0345233,3862390165
"RZ-09, RZ Block, Dharampura, Najafgarh, New Delhi",28.584503,77.075814,3862390165
"
Affected area of F & H Block of Raj Nagar Part -II , Palam colony, New delhi",28.5835975,77.08666459999999,3862390165
"Samman Bazar lane (Polygon “A”) & Church Road, (Polygon “B”, Between Shahi Hospital Road & Central Road, Bhogal, New Delhi.",28.5835772,77.2500348,2967053902
"Samman Bazar lane (Polygon “A”) & Church Road, (Polygon “B”, Between Shahi Hospital Road & Central Road, Bhogal, New Delhi.",28.5835772,77.2500348,2967053902
"Masjid Lane (Polygan ""A"") Between Sai Hospital Road & Central Road and
Masjid Lane (Polygan ""B"") Between Central Road & Temple Road, Bhogal, New Delhi",28.5818743,77.2474592,1805872638
"H.No. E-12/236, Gali No.12, Mukund Vihar, Delhi Including left & Right House and house in front of them.",28.5816996,77.07992569999999,4100572990
"C-31 & D-43 Palika Awas, Sarojini Nagar, New Delhi",28.5803409,77.19847779999999,7222087504
"B-261, 2nd Tower, Arunachal Apartment, sec-7, Dwarka, New Delhi",28.5795622,77.0761655,4100572990
"Whole Gali Covering H.No. 2010 to 2045 & 1996, Pillanji Village , Kotla Mubarkpur, Delhi",28.5791813,77.20135259999999,7257640939
"House No. 140, Gali No. 2, Phase-I, E-Block, Qutub Vihar, New Delhi.",28.5782501,77.0216283,4100572990
"H. No. 23 to 156 & 15 to 191, (Polygon”A”) & H No 230 -233 (Polygon”B”) Sunlight Colony –I , Delhi",28.5774322,77.26206719999999,1811495393
"Whole Gali Covering H.No.306 to 269 Sunlight Colony-I, Delhi",28.5774322,77.26206719999999,1811495393
"
H.No. 260 to 278 Hari Nagar Ashram, New Delhi",28.5746676,77.2562557,6748834038
"
D-531, PHASE-II, QUTUB VIHAR, NEW DELHI",28.57439,77.02232510000002,6645561147
"Two Blocks having flat no. 565-568 & 569-572, R.K. Puram, Sector-5, New
Delhi.",28.5737133,77.16910779999999,4231823424
"Two Blocks having flat no. 565-568 & 569-572, R.K. Puram, Sector-5, New
Delhi.",28.5737133,77.16910779999999,4231823424
"Entire gali of H.No. 361 & 362, Gali No. 13A, F-Block, Phase-VI, Aya Nagar, New Delhi",28.5716534,77.2412966,6542118949
"
Gali No. -07, Wazir Nagar, Kotla Mubarakpur, New Delhi",28.5710106,77.2257309,1805801956
"
H.No.5/37 to 5/57, Nehru Nagar New Delhi",28.5708319,77.25466109999999,2431985948
"Street of H.No. 1001 to 1008, Sector-7, R.K. Puram, New Delhi",28.570538,77.17271,4231823230
"H. No. 153/B, 4th Floor, Savitri Nagar, Malviya Nagar, New Delhi",28.5665463,77.162787,6862941300
"Street of House no-8/120, West Mehram Nagar, New Delhi",28.5658515,77.12286069999999,427807595
"H.No. 68 to 85 A, Mohammadpur, New Delhi",28.5653646,77.1880559,4233127315
"H. No. 2, Near Mata Chowk (Near Old Primary School), Pandwala Kalan,
New Delhi",28.5647617,76.9513432,6645561147
"House No. C-86, Near Gyan Jyoti Public School, Pachiya Mohalla, Chhawla, New Delhi",28.5645596,77.00101169999999,6645561147
"H.no-A-1/8 to H.no-A-1/12 and H.no-A-2/17 to H.no-A-2/32, Lal Quarter,
Krishna Nagar, Delhi-51",28.5642993,77.1701089,4231823117
"H.No. 22 to 87, National Park, Lajpat Nagar-IV, New Delhi",28.5642859,77.2369229,4235090967
"H.no B-78/6 to B-78/9 (both sides) and A-77/6 to A-77/8, Private Colony,
Dilshad Garden, Delhi",28.5636022,77.2599122,2797954940
"
Anganwadi wali gali, Kaba Mohalla, Chhawla, New Delhi",28.5629263,77.004097,6645561147
"
Near Shiv Mandir, Kaba Mohalla, Chhawla, New Delhi",28.5623562,77.00681689999999,6645561147
"Street of House no. T 57/60,East Mehram Nagar,New Delhi",28.5621747,77.1247863,5173200390
"Street of H.No. 52/60 and 47/60, East Mehram Nagar, New Delhi",28.5621747,77.1247863,5173200390
"Street of H.No. 17/60 to 30/60, East Mehram Nagar, New Delhi",28.5621747,77.1247863,5173200390
"Street of H.No T-11/60 and 42/60, East Mehram nagar, New Delhi",28.5621747,77.1247863,5173200390
"Street of H.No. S/313/130 and S/3l3/190, East Mehram Nagar New Delhi",28.5621747,77.1247863,5173200390
"D-6/4 to D-6/7 Vasant Vihar, New Delhi",28.5620386,77.1531835,4231409031
"H.No-131 to 161 Sector-4 R.K Puram, New Delhi",28.561752,77.18074,412330955
"House No. C-270, Kurat Mohalla, Chhawla, New Delhi",28.5613723,77.0020301,6645561147
"
H.No. 25, N-BLOCK, SADH MOHALLA, CHHAWLA, NEW DELHI",28.5613723,77.0020301,6645561147
"Gali-07, Mandir Wali Gali, Near Modern Public School, East Gorakh Park,
Shahdara (H.No. 1/7315 to 1/7319A and 1/7330 to 1/7333)",28.5613482,77.2072084,6435170780
"A-143, D-38 & D-130, Classic Apartment, Plot No.11,Sec-22, Dwarka, ND",28.5603105,77.0562321,1987556080
"House No. D-158, Gali No.-04, Mukund Vihar, Delhi including left & right
house and houses in front of them",28.560257,77.1617358,4231249285
"F-2 & F-10 Vishnu Garden , New Delhi",28.5602545,77.1561553,1902764804
"Masihgarh Village, NewDelhi",28.5585054,77.2750947,4210662990
"H. No.-57-D, CBI Colony, Vasant Vihar, New Delhi to H No. 57-R, CBI Colony, Vasant Vihar, New Delhi",28.5572086,77.1622999,4231249285
"Main Road to 64C, Zamrudpur Greater Kailash, New Delhi",28.5571147,77.2369229,4235090967
"VPO Dhansa, New Delhi-110073 (F.No. SDM/NG/SW/2020-21/2548-M)",28.5544853,76.8650289,6645561147
"VPO Dhansa, New Delhi-110073 (F.No. SDM/NG/SW/2020-21/2549-M)",28.5544853,76.8650289,6645561147
"Street of House no 631, Shahbad Mohd. Pur,New Delhi",28.55436,77.0681117,1987556080
"Street of House no 818, Shahbad Mohd. Pur, New Delhi",28.55436,77.0681117,1987556080
"
Street of H.No. 825, Lamba Mohalla, Shahbad Mohd. Pur, New Delhi",28.55436,77.0681117,1987556080
"
H.No. 109, Munirka Village, New Delhi",28.5532118,77.1744823,4231823114
"Main Chowk, VPO Dhansa, New Delhi-110073",28.5528836,76.9009961,6645561147
"H. No.-26, H. No.-50, H. No.- 66 and H. No.-66 (A) of Village Munirka, New Delhi",28.5516967,77.1742012,4231823114
"Vpo Malik Pur, New Delhi",28.5504598,76.9001986,6645561147
"Akbar Lane, C Block, Shaheen Bagh, New Delhi",28.546813,77.30422999999999,3975750856
"Entire affected area of 1A2 to 1C2, Jia Sarai, New Delhi",28.5462129,77.1889735,4233127316
"
Harijan Basti, Village Kanganheri, New Delhi",28.5461863,76.9901874,1987556080
"Gali from H. No. F-41B toH. No. F-163B, F-Block, Shaheen Bagh, Delhi",28.5457908,77.2988713,4231402826
"Shaheen Masjid Lane , F Block , Shaheen Bagh, New Delhi",28.5457908,77.2988713,4231402826
"Hno. G-82 to G-113, G-76 to G-170 & G-153 to G-183, Harkesh Nagar, New Delhi.",28.5450194,77.2757147,4210662990
"CN- 296, A-160(CN-2382), A-207(CN-2383), A-163, A-207, CN-300 and CN-
2834 of A-Block, Mahipalpur, New Delhi",28.5448686,77.1281345,345576013
"CN- 296, A-160(CN-2382), A-207(CN-2383), A-163, A-207, CN-300 and CN-
2834 of A-Block, Mahipalpur, New Delhi",28.5448686,77.1281345,345576013
"Hno H-32 by 5(Two house) & H-32 by 4, Gali no-22, Jai Prakash Nagar,
Seelam pur,Delhi",28.5429918,77.30046709999999,4231402826
"Block-E, Harkesh Nagar, New Delhi",28.5428987,77.2752204,4210662990
"House No. B-367, MCD Flats, New Usmanpur, Delhi including left & right
house and houses in front of them",28.541925,77.2223727,2295400166
"Entire affected area of C-49 to C-51 Katwaria Sarai, New Delhi",28.5411219,77.1894934,2423992601
"
House No. 18/1 to 18/5, Kalkaji, Opposite Deshbandhu College, New Delhi",28.5401392,77.254763,6415836068
"Hno X/1510 to Hno 331/67 and Hno X/1509 to Hno X/1507, Gali no-7,
Rajgarh Colony, Delhi",28.5358927,77.2631364,6511412345
"H.No. 107, Old Bhagat Gym Wali gali, Near Flyover bijwasan, New Delhi",28.5351467,77.05031590000002,5173200370
"Gali No. 5, 5A & 6, Govindpuri, Delhi",28.535019,77.267031,6511412345
"H.No. 123 to H.No. 205, Gali No. 7, Sarpanch Wada, Mandwali, Delhi",28.5348112,77.26563550000002,6511412345
"House No. 610 to 614 & 590 to 593, Gali No-7, Meet Nagar, Delhi",28.5348084,77.26564139999999,6511412345
"Whole area of Bhanger Mohalla, Madanpur Khadar Village under Sarita Vihar Sub Division",28.5347444,77.2997735,4231402826
"Whole area of Bhanger Mohalla, Madanpur Khadar Village under Sarita Vihar Sub Division",28.5347444,77.2997735,4231402826
"WHOLE AREA OF POCKET-A, SARITA VIHAR",28.5346313,77.28720609999999,4210624766
"Gali No. 7 & 8, Govindpuri, Delhi",28.534172,77.264686,6511412345
"
H. No. 314, Saini Mohalla, Near Golok Dham Temple, Bijwasan, New Delhi",28.533493,77.05959399999999,5173200370
"House No. C-76, Ambedkar Colony, Bijwasan",28.5325722,77.0530452,5173200370
"H.N. 167, Village Ghumenhera, New Delhi-73",28.5319993,76.9239727,1987556080
"WHOLE AREA OF POCKET-B, SARITA VIHAR under Sarita Vihar Sub-Division",28.5318979,77.2886424,4210624765
"
Village Badusarai, New Delhi.",28.5295945,76.9864681,1987556080
"H. No. 50, Hauz Rani, New Delhi, from Mother Dairy to back corner of Raja
Ram Mohan School, Hauz Rani, New Delhi.",28.529549,77.21297779999999,2507343938
"H.No.36-37 and H.No.28-29 of C- Block, Vikaspuri, New Delhi",28.52771,77.281097,6618150041
"H no. 131 Gali no. 2, Kapashera",28.5261748,77.0770216,427807595
"H.No. F-713, Lado Sarai, New Delhi",28.5259604,77.19701350000001,2955386769
"Gali No. 1, Tughlakabad Extension, New Delhi",28.5254096,77.2575844,6415836068
"
Entire Lane H.No. 16/21 to H.No. 16/30, Dakshinpuri, New Delhi",28.5243717,77.2363582,4235090961
"Whole Residential Area of Village Rawta, New Delhi.",28.5237806,76.90226539999999,1987556080
"
H. No. 107, Talab Wali Gali, Village Bamnoli, New Delhi",28.5231815,77.0818444,427807595
"House No. 420,MamaBhanja Chowk, Kapashera, New Delhi.",28.522973,77.08090899999999,427807595
"Entire afected area of 1073/1, Ward No. 1, Mehrauli, New Delhi",28.522956,77.179082,412330955
Main Gali of F-Block from HNo. 306 to 379 Dakshin puri new Delhi,28.5226518,77.23897,1800793715
"Block-86,Sec-01,Gole Mkt, New Delhi",28.522635,77.217477,2293345133
"Gali No. 13 & 14, Tughlakabad Extension, New Delhi",28.5224135,77.2596064,6511412345
"Entire affected area of Khasra No. 1093, St. John's Church Compund, Ward No. 1, Mehrauli (adjacent to the bus terminal), New Delhi",28.5221392,77.18032869999999,412330955
"Entire Lane from H.No. 245 to H.No. 262, Block-H, Dakshinpuri, New Delhi",28.5209002,77.2431012,4235038996
"Block H-1st, Madangir, New Delhi",28.5206905,77.230595,4235090961
"H.No. 268/D, 28, Ward No. 2 Mehrauli, New Delhi",28.5204637,77.17866599999999,412330955
"Entire Lane from H.No. 337 to H.No. 348, Block-5, Dakshinpuri, New Delhi",28.520099,77.239389,1800793715
"H.No.-76, Gali No.1, Kapashera, New Delhi",28.5196719,77.2024155,2955379385
"Entire Lane from H.No. 203 to 289 Block-C, Dakshinpuri, New Delhi",28.5192079,77.2353993,4235090961
"Entire affected area of 1041-A, Ward No. 8, Mehrauli, New Delhi",28.5175928,77.17999139999999,412330955
"Maa Durga Apartments, Ward No. 3, Mehrauli, New Delhi",28.5172151,77.17527659999999,4231823114
"Entire Lane H.No. 169 to 192, RPS Colony, Khanpur, New Delhi-10062",28.515689,77.230148,4235090961
"Affected area around H.No. 192/4, Devli village, New Delhi",28.512727,77.232614,4235090961
"H.No. 24 to 57, Gali No.8-A, G-Block, Sangam Vihar, New Delhi",28.5090353,77.2503792,6282635300
"Flat No. 1265 to Flat No. 1272, C-1, Vasant Kunj, New Delhi",28.5082109,77.1689689,4231823110
"Block – D, Gali No.4, Sangam Vihar, New Delhi",28.5068605,77.2456488,4235038996
"Street of House no - E-16 to E-18, Railway Colony, Bengali Market, New Delhi",28.5068569,77.28936060000001,4210624765
"whole Area of Block-E, Block-D and Block D3 of Hari Nagar Extension, Jaitpur",28.5051304,77.3166476,837540913
"whole Area of Block-E, Block-D and Block D3 of Hari Nagar Extension, Jaitpur",28.5051304,77.3166476,837540913
"Block-E, Gali No. 6-A and 7, Sangam Vihar, New Delhi",28.5047582,77.2427809,4235038996
"Block-G(Gali No. 2 & 3), Block - H(Gali No. 3,4,5 & 6) and Block - I(Gali No. 2), Gyan Mandir Road, Jaitpur Ext., Jaitpur, New Delhi",28.5031055,77.3343204,1818312408
"Block-G(Gali No. 2 & 3), Block - H(Gali No. 3,4,5 & 6) and Block - I(Gali No. 2), Gyan Mandir Road, Jaitpur Ext., Jaitpur, New Delhi",28.5031055,77.3343204,1818312408
"Hno. Rz27/A, Gali no. 09, sangam Vihar, Dharampura, Najafgarh",28.5017467,77.25149309999999,6282635300
"Block F-2, Sangam Vihar, New Delhi",28.5005526,77.2455444,4235038996
Affected area around H.No. 291 and H.No. 295 Near Dispensary Chattarpur Village New Delhi,28.497817,77.18329299999999,412330955
"H.No. 790 Gali No. 14, L-Block Sangam Vihar Delhi",28.4977755,77.233372,4235090961
"H.No.-72, Gali No-03, Sangam vihar, Dharampura, Najafgarh, New Delhi-
110043",28.4968657,77.2426053,4235038996
"
H No- F-403 to F-408 and F-428 of Village Ghitorni, New Delhi",28.4964413,77.1393872,1036203901
"Affected area around H.No. 1890 and H.No. 1891, Gali No. 3, L-Ist Sangam Vihar, New Delhi.",28.4962821,77.24300219999999,4235038996
"Block – G, Gali No.12, Sangam Vihar, New Delhi",28.4959914,77.2333335,4235090961
"Gali No. 22, 23, 24, 25 & 26 Molarband Extension, Badarpur, New Delhi",28.4932678,77.3113529,837540913
"Whole area of Block – D & Block –E, Mohan Baba Nagar, Badarpur, New Delhi",28.493008,77.3138876,837540913
"Whole area of Block – D & Block –E, Mohan Baba Nagar, Badarpur, New Delhi",28.493008,77.3138876,837540913
"Gali No. 64,65,66 &67 Molarband Extension, Molarband, Badarpur, New Delhi",28.4916399,77.3160363,837540913
"Gali No. 70, 71, 72, 73, 74 & 75 Molarband Extension, Badarpur, New Delhi",28.4870752,77.3122846,837540913
"Entire affected area of H.No. 265, Near Utkal Public School, F-Block, Phase- VI, Aya Nagar, New Delhi",28.4691596,77.13013819999999,345576013
"Entire gali of H.No. 224, Gali No. 26, F-Block, Phase-VI, Aya Nagar, New Delhi",28.4685366,77.13073519999999,345576013